sub,num_comments,comment_sentiment_average,latest_comment_date,score,upvote_ratio,date,domain,num_crossposts,author,link,timestamp,commentdate
investing,11,0.16666666666666666,1612264091.0,23,0.87,1612108851.0,self.investing,0,AtlanticRelation,https://www.reddit.com/r/investing/comments/l9f4li/kinepolis_dd_ebrkin/,2021-01-31 16:00:51,2021-02-02 11:08:11
investing,7,-0.3333333333333333,1612294237.0,1,0.56,1612291308.0,self.investing,0,Impressive-Swimmer36,https://www.reddit.com/r/investing/comments/lb2ztq/dd_on_ke_holdings_beke/,2021-02-02 18:41:48,2021-02-02 19:30:37
stocks,15,-0.16666666666666666,1612304421.0,5,0.7,1612303106.0,self.stocks,0,taintosaurus_rex,https://www.reddit.com/r/stocks/comments/lb7sh9/investing_for_my_toddler/,2021-02-02 21:58:26,2021-02-02 22:20:21
stocks,7,0.3333333333333333,1612318503.0,6,0.76,1612288429.0,self.stocks,0,photonsintime,https://www.reddit.com/r/stocks/comments/lb1tvh/more_poww_dd/,2021-02-02 17:53:49,2021-02-03 02:15:03
investing,10,-0.14285714285714285,1612332688.0,18,0.79,1612262721.0,self.investing,0,Currie32,https://www.reddit.com/r/investing/comments/laswse/dd_on_bandwidth_band/,2021-02-02 10:45:21,2021-02-03 06:11:28
stocks,10,0.6666666666666666,1612332934.0,18,0.81,1612273554.0,self.stocks,0,Brannflakes,https://www.reddit.com/r/stocks/comments/lavrvu/ino_inovio_dd_binary_event_eminent_41_float_is/,2021-02-02 13:45:54,2021-02-03 06:15:34
investing,13,0.14285714285714285,1612366888.0,0,0.29,1612308072.0,self.investing,0,Hard_working247,https://www.reddit.com/r/investing/comments/lb9mfy/dd_on_kodak_and_its_potential_to_turn_around_this/,2021-02-02 23:21:12,2021-02-03 15:41:28
stocks,40,0.3333333333333333,1612372939.0,26,0.85,1612344096.0,self.stocks,0,Pomany,https://www.reddit.com/r/stocks/comments/lbjtiz/blackberry_dd/,2021-02-03 09:21:36,2021-02-03 17:22:19
stocks,4,0.3333333333333333,1612385946.0,1,0.6,1612377426.0,self.stocks,0,Spamme54321,https://www.reddit.com/r/stocks/comments/lbumd4/hidden_gem_spectral_medical_inc_symbol_edt_on_tmx/,2021-02-03 18:37:06,2021-02-03 20:59:06
stocks,160,0.3125,1612391087.0,470,0.9,1612272285.0,self.stocks,0,Daytona116595RBOW,https://www.reddit.com/r/stocks/comments/lavdhb/nok_dd_warning_this_is_not_a_meme_moon_mission/,2021-02-02 13:24:45,2021-02-03 22:24:47
stocks,441,0.375,1612400887.0,1133,0.96,1612306515.0,self.stocks,0,forshakuras,https://www.reddit.com/r/stocks/comments/lb92ma/blackberry_dd/,2021-02-02 22:55:15,2021-02-04 01:08:07
stocks,10,0.5,1612406126.0,8,0.91,1612368862.0,self.stocks,0,skrfs,https://www.reddit.com/r/stocks/comments/lbr2bd/dd_for_hims_comparison_to_prpl/,2021-02-03 16:14:22,2021-02-04 02:35:26
stocks,3,0.5,1612408973.0,5,0.73,1612389870.0,self.stocks,0,Sweetsuns,https://www.reddit.com/r/stocks/comments/lbznv1/ammo_incpoww_dd_researched_for_you_so_you_can/,2021-02-03 22:04:30,2021-02-04 03:22:53
stocks,9,0.5,1612416571.0,24,0.85,1612392358.0,self.stocks,0,Infinite_Prize287,https://www.reddit.com/r/stocks/comments/lc0l8h/hims_ddnot_just_boner_pills_hims_hers/,2021-02-03 22:45:58,2021-02-04 05:29:31
investing,21,0.4,1612424998.0,20,0.73,1612392907.0,self.investing,0,HX_10,https://www.reddit.com/r/investing/comments/lc0rzo/drone_delivery_canada_takof_dd_10x_upside/,2021-02-03 22:55:07,2021-02-04 07:49:58
investing,2,0.5,1612430223.0,14,0.79,1612389847.0,self.investing,0,Archangel_Chan,https://www.reddit.com/r/investing/comments/lbznk4/amrn_dd_why_amrn_should_be_considered_a_serious/,2021-02-03 22:04:07,2021-02-04 09:17:03
investing,2,-0.5,1612445853.0,0,0.5,1612444185.0,self.investing,0,Soleztice,https://www.reddit.com/r/investing/comments/lcfalv/dd_on_sglb_long_term_hold/,2021-02-04 13:09:45,2021-02-04 13:37:33
investing,2,-0.5,1612446407.0,3,0.62,1612397646.0,self.investing,0,turfturf,https://www.reddit.com/r/investing/comments/lc2hyy/luna_innovations_summarydd/,2021-02-04 00:14:06,2021-02-04 13:46:47
investing,14,-0.16666666666666666,1612446421.0,23,0.82,1612375985.0,self.investing,0,dlightx,https://www.reddit.com/r/investing/comments/lbu00o/the_case_for_spce_non_thorough_dd/,2021-02-03 18:13:05,2021-02-04 13:47:01
investing,9,-0.16666666666666666,1612458061.0,22,0.86,1612431882.0,self.investing,0,TulioGonzaga,https://www.reddit.com/r/investing/comments/lccasw/dd_vldr_velodyne_lidar_autonomous_vehicle_tech/,2021-02-04 09:44:42,2021-02-04 17:01:01
investing,4,-0.5,1612465659.0,7,0.82,1612454461.0,self.investing,0,prefrosh202444,https://www.reddit.com/r/investing/comments/lcit6a/dd_on_finding_value_in_brick_and_mortar_and_long/,2021-02-04 16:01:01,2021-02-04 19:07:39
investing,68,0.3157894736842105,1612467578.0,7,0.54,1612455493.0,self.investing,0,silver_bubble,https://www.reddit.com/r/investing/comments/lcj82q/some_actual_gamestop_dd_not_positive/,2021-02-04 16:18:13,2021-02-04 19:39:38
investing,39,0.45,1612471082.0,68,0.89,1612389787.0,self.investing,0,Invnsbl123,https://www.reddit.com/r/investing/comments/lbzmoi/takof_drone_delivery_canada_dd/,2021-02-03 22:03:07,2021-02-04 20:38:02
investing,7,-0.2,1612471731.0,6,0.7,1612465752.0,self.investing,0,hdoublephoto,https://www.reddit.com/r/investing/comments/lcnbdj/spwr_longterm_growth_basic_dd/,2021-02-04 19:09:12,2021-02-04 20:48:51
investing,40,0.1,1612475897.0,27,0.85,1612466401.0,self.investing,0,buymemezmoney,https://www.reddit.com/r/investing/comments/lcnkhz/dd_why_cgc_is_one_of_the_most_underrated_weed/,2021-02-04 19:20:01,2021-02-04 21:58:17
investing,2,-0.5,1612477297.0,2,1.0,1612472569.0,self.investing,0,_daath,https://www.reddit.com/r/investing/comments/lcq2hx/danaos_dac_looks_very_promising_some_small_and/,2021-02-04 21:02:49,2021-02-04 22:21:37
investing,6,-0.5,1612478976.0,2,0.67,1612475495.0,self.investing,0,GreekTycoon,https://www.reddit.com/r/investing/comments/lcr7uu/hns_handshake_protocol_dd_crypto/,2021-02-04 21:51:35,2021-02-04 22:49:36
stocks,7,0.8333333333333334,1612482663.0,41,0.88,1612477894.0,self.stocks,0,growthinvestor123,https://www.reddit.com/r/stocks/comments/lcs4pp/part_5_bb_dd_no_meems_bulls_bears/,2021-02-04 22:31:34,2021-02-04 23:51:03
investing,8,0.5,1612484103.0,15,0.9,1612466779.0,self.investing,0,cefpodoxime,https://www.reddit.com/r/investing/comments/lcnqas/mwk_mohawk_group_dd_significantly_undervalued/,2021-02-04 19:26:19,2021-02-05 00:15:03
